"0","# create empty vector to append biosample ID's to"
"0","biosample_ID_toCheckUnits <- list()"
"0",""
"0","# iterate by row"
"0","for (n_row in 1:nrow(dataset)) {"
"0","  # check that age_years is NA"
"0","  if (is.na(dataset[n_row,""age_years""])) {"
"0","    # check that host age unit is numeric"
"0","    if (!is.na(as.numeric(dataset[n_row,""host age""]))) {"
"0","      biosample_ID_toCheckUnits <- append(biosample_ID_toCheckUnits, dataset[n_row,1])"
"0","    }"
"0","  }"
"0","}"
"2","NAs introduced by coercion"
"2","NAs introduced by coercion"
"2","NAs introduced by coercion"
"2","NAs introduced by coercion"
"2","NAs introduced by coercion"
"2","NAs introduced by coercion"
"2","NAs introduced by coercion"
"2","NAs introduced by coercion"
"2","NAs introduced by coercion"
"2","NAs introduced by coercion"
"2","NAs introduced by coercion"
"2","NAs introduced by coercion"
"2","NAs introduced by coercion"
"2","NAs introduced by coercion"
"2","NAs introduced by coercion"
"2","NAs introduced by coercion"
"2","NAs introduced by coercion"
"2","NAs introduced by coercion"
"2","NAs introduced by coercion"
"2","NAs introduced by coercion"
"2","NAs introduced by coercion"
"2","NAs introduced by coercion"
"2","NAs introduced by coercion"
"2","NAs introduced by coercion"
"2","NAs introduced by coercion"
"2","NAs introduced by coercion"
"2","NAs introduced by coercion"
"2","NAs introduced by coercion"
"2","NAs introduced by coercion"
"2","NAs introduced by coercion"
"2","NAs introduced by coercion"
"2","NAs introduced by coercion"
"2","NAs introduced by coercion"
"2","NAs introduced by coercion"
"2","NAs introduced by coercion"
"2","NAs introduced by coercion"
"2","NAs introduced by coercion"
"2","NAs introduced by coercion"
"2","NAs introduced by coercion"
"2","NAs introduced by coercion"
"2","NAs introduced by coercion"
"2","NAs introduced by coercion"
"2","NAs introduced by coercion"
"2","NAs introduced by coercion"
"2","NAs introduced by coercion"
"2","NAs introduced by coercion"
"2","NAs introduced by coercion"
"2","NAs introduced by coercion"
"2","NAs introduced by coercion"
"2","NAs introduced by coercion"
"2","NAs introduced by coercion"
"2","NAs introduced by coercion"
"2","NAs introduced by coercion"
"2","NAs introduced by coercion"
"2","NAs introduced by coercion"
"2","NAs introduced by coercion"
"2","NAs introduced by coercion"
"2","NAs introduced by coercion"
"2","NAs introduced by coercion"
"2","NAs introduced by coercion"
"2","NAs introduced by coercion"
"2","NAs introduced by coercion"
"2","NAs introduced by coercion"
"2","NAs introduced by coercion"
"2","NAs introduced by coercion"
"2","NAs introduced by coercion"
"2","NAs introduced by coercion"
"2","NAs introduced by coercion"
"2","NAs introduced by coercion"
"2","NAs introduced by coercion"
"2","NAs introduced by coercion"
"2","NAs introduced by coercion"
"2","NAs introduced by coercion"
"2","NAs introduced by coercion"
"2","NAs introduced by coercion"
"2","NAs introduced by coercion"
"2","NAs introduced by coercion"
"2","NAs introduced by coercion"
"2","NAs introduced by coercion"
"2","NAs introduced by coercion"
"2","NAs introduced by coercion"
"2","NAs introduced by coercion"
"2","NAs introduced by coercion"
"2","NAs introduced by coercion"
"2","NAs introduced by coercion"
"2","NAs introduced by coercion"
"2","NAs introduced by coercion"
"2","NAs introduced by coercion"
"2","NAs introduced by coercion"
"2","NAs introduced by coercion"
"2","NAs introduced by coercion"
"2","NAs introduced by coercion"
"2","NAs introduced by coercion"
"2","NAs introduced by coercion"
"2","NAs introduced by coercion"
"2","NAs introduced by coercion"
"2","NAs introduced by coercion"
"2","NAs introduced by coercion"
"2","NAs introduced by coercion"
"2","NAs introduced by coercion"
"2","NAs introduced by coercion"
"2","NAs introduced by coercion"
"2","NAs introduced by coercion"
"2","NAs introduced by coercion"
"2","NAs introduced by coercion"
"2","NAs introduced by coercion"
"2","NAs introduced by coercion"
"2","NAs introduced by coercion"
"2","NAs introduced by coercion"
"2","NAs introduced by coercion"
"2","NAs introduced by coercion"
"2","NAs introduced by coercion"
"2","NAs introduced by coercion"
"2","NAs introduced by coercion"
"2","NAs introduced by coercion"
"2","NAs introduced by coercion"
"2","NAs introduced by coercion"
"2","NAs introduced by coercion"
"2","NAs introduced by coercion"
"2","NAs introduced by coercion"
"2","NAs introduced by coercion"
"2","NAs introduced by coercion"
"2","NAs introduced by coercion"
"2","NAs introduced by coercion"
"2","NAs introduced by coercion"
"2","NAs introduced by coercion"
"2","NAs introduced by coercion"
"2","NAs introduced by coercion"
"2","NAs introduced by coercion"
"2","NAs introduced by coercion"
"2","NAs introduced by coercion"
"2","NAs introduced by coercion"
"2","NAs introduced by coercion"
"2","NAs introduced by coercion"
"2","NAs introduced by coercion"
"2","NAs introduced by coercion"
"2","NAs introduced by coercion"
"2","NAs introduced by coercion"
"2","NAs introduced by coercion"
"2","NAs introduced by coercion"
"2","NAs introduced by coercion"
"2","NAs introduced by coercion"
"2","NAs introduced by coercion"
"2","NAs introduced by coercion"
"2","NAs introduced by coercion"
"2","NAs introduced by coercion"
"2","NAs introduced by coercion"
"2","NAs introduced by coercion"
"2","NAs introduced by coercion"
"2","NAs introduced by coercion"
"2","NAs introduced by coercion"
"2","NAs introduced by coercion"
"2","NAs introduced by coercion"
"2","NAs introduced by coercion"
"2","NAs introduced by coercion"
"2","NAs introduced by coercion"
"2","NAs introduced by coercion"
"2","NAs introduced by coercion"
"2","NAs introduced by coercion"
"2","NAs introduced by coercion"
"2","NAs introduced by coercion"
"2","NAs introduced by coercion"
"2","NAs introduced by coercion"
"2","NAs introduced by coercion"
"2","NAs introduced by coercion"
"2","NAs introduced by coercion"
"2","NAs introduced by coercion"
"2","NAs introduced by coercion"
"2","NAs introduced by coercion"
"2","NAs introduced by coercion"
"2","NAs introduced by coercion"
"2","NAs introduced by coercion"
"2","NAs introduced by coercion"
"2","NAs introduced by coercion"
"2","NAs introduced by coercion"
"2","NAs introduced by coercion"
"2","NAs introduced by coercion"
"2","NAs introduced by coercion"
"2","NAs introduced by coercion"
"2","NAs introduced by coercion"
"2","NAs introduced by coercion"
"2","NAs introduced by coercion"
"2","NAs introduced by coercion"
"2","NAs introduced by coercion"
"2","NAs introduced by coercion"
"2","NAs introduced by coercion"
"2","NAs introduced by coercion"
"2","NAs introduced by coercion"
"2","NAs introduced by coercion"
"2","NAs introduced by coercion"
"2","NAs introduced by coercion"
"2","NAs introduced by coercion"
"2","NAs introduced by coercion"
"2","NAs introduced by coercion"
"2","NAs introduced by coercion"
"2","NAs introduced by coercion"
"2","NAs introduced by coercion"
"2","NAs introduced by coercion"
"2","NAs introduced by coercion"
"2","NAs introduced by coercion"
"2","NAs introduced by coercion"
"2","NAs introduced by coercion"
"2","NAs introduced by coercion"
"2","NAs introduced by coercion"
"2","NAs introduced by coercion"
"2","NAs introduced by coercion"
"2","NAs introduced by coercion"
"2","NAs introduced by coercion"
"2","NAs introduced by coercion"
"2","NAs introduced by coercion"
"2","NAs introduced by coercion"
"2","NAs introduced by coercion"
"2","NAs introduced by coercion"
"2","NAs introduced by coercion"
"2","NAs introduced by coercion"
"2","NAs introduced by coercion"
"2","NAs introduced by coercion"
"2","NAs introduced by coercion"
"2","NAs introduced by coercion"
"2","NAs introduced by coercion"
"2","NAs introduced by coercion"
"2","NAs introduced by coercion"
"2","NAs introduced by coercion"
"2","NAs introduced by coercion"
"2","NAs introduced by coercion"
"2","NAs introduced by coercion"
"2","NAs introduced by coercion"
"2","NAs introduced by coercion"
"2","NAs introduced by coercion"
"2","NAs introduced by coercion"
"2","NAs introduced by coercion"
"2","NAs introduced by coercion"
"2","NAs introduced by coercion"
"2","NAs introduced by coercion"
"2","NAs introduced by coercion"
"2","NAs introduced by coercion"
"2","NAs introduced by coercion"
"2","NAs introduced by coercion"
"2","NAs introduced by coercion"
"2","NAs introduced by coercion"
"2","NAs introduced by coercion"
"2","NAs introduced by coercion"
"2","NAs introduced by coercion"
"2","NAs introduced by coercion"
"2","NAs introduced by coercion"
"2","NAs introduced by coercion"
"2","NAs introduced by coercion"
"2","NAs introduced by coercion"
"2","NAs introduced by coercion"
"2","NAs introduced by coercion"
"2","NAs introduced by coercion"
"2","NAs introduced by coercion"
"2","NAs introduced by coercion"
"2","NAs introduced by coercion"
"2","NAs introduced by coercion"
"2","NAs introduced by coercion"
"2","NAs introduced by coercion"
"2","NAs introduced by coercion"
"2","NAs introduced by coercion"
"2","NAs introduced by coercion"
"2","NAs introduced by coercion"
"2","NAs introduced by coercion"
"2","NAs introduced by coercion"
"2","NAs introduced by coercion"
"2","NAs introduced by coercion"
"2","NAs introduced by coercion"
"2","NAs introduced by coercion"
"2","NAs introduced by coercion"
"2","NAs introduced by coercion"
"2","NAs introduced by coercion"
"2","NAs introduced by coercion"
"2","NAs introduced by coercion"
"2","NAs introduced by coercion"
"2","NAs introduced by coercion"
"2","NAs introduced by coercion"
"2","NAs introduced by coercion"
"2","NAs introduced by coercion"
"2","NAs introduced by coercion"
"2","NAs introduced by coercion"
"2","NAs introduced by coercion"
"2","NAs introduced by coercion"
"2","NAs introduced by coercion"
"2","NAs introduced by coercion"
"2","NAs introduced by coercion"
"2","NAs introduced by coercion"
"2","NAs introduced by coercion"
"2","NAs introduced by coercion"
"2","NAs introduced by coercion"
"2","NAs introduced by coercion"
"2","NAs introduced by coercion"
"2","NAs introduced by coercion"
"2","NAs introduced by coercion"
"2","NAs introduced by coercion"
"2","NAs introduced by coercion"
"2","NAs introduced by coercion"
"2","NAs introduced by coercion"
"2","NAs introduced by coercion"
"2","NAs introduced by coercion"
"2","NAs introduced by coercion"
"2","NAs introduced by coercion"
"2","NAs introduced by coercion"
"2","NAs introduced by coercion"
"2","NAs introduced by coercion"
"2","NAs introduced by coercion"
"2","NAs introduced by coercion"
"2","NAs introduced by coercion"
"2","NAs introduced by coercion"
"2","NAs introduced by coercion"
"2","NAs introduced by coercion"
"2","NAs introduced by coercion"
"2","NAs introduced by coercion"
"2","NAs introduced by coercion"
"2","NAs introduced by coercion"
"2","NAs introduced by coercion"
"2","NAs introduced by coercion"
"2","NAs introduced by coercion"
"2","NAs introduced by coercion"
"2","NAs introduced by coercion"
"2","NAs introduced by coercion"
"2","NAs introduced by coercion"
"2","NAs introduced by coercion"
"2","NAs introduced by coercion"
"2","NAs introduced by coercion"
"2","NAs introduced by coercion"
"2","NAs introduced by coercion"
"2","NAs introduced by coercion"
"2","NAs introduced by coercion"
"2","NAs introduced by coercion"
"2","NAs introduced by coercion"
"2","NAs introduced by coercion"
"2","NAs introduced by coercion"
"2","NAs introduced by coercion"
"2","NAs introduced by coercion"
"2","NAs introduced by coercion"
"2","NAs introduced by coercion"
"2","NAs introduced by coercion"
"2","NAs introduced by coercion"
"2","NAs introduced by coercion"
"2","NAs introduced by coercion"
"2","NAs introduced by coercion"
"2","NAs introduced by coercion"
"2","NAs introduced by coercion"
"2","NAs introduced by coercion"
"2","NAs introduced by coercion"
"2","NAs introduced by coercion"
"2","NAs introduced by coercion"
"2","NAs introduced by coercion"
"2","NAs introduced by coercion"
"2","NAs introduced by coercion"
"2","NAs introduced by coercion"
"2","NAs introduced by coercion"
"2","NAs introduced by coercion"
"2","NAs introduced by coercion"
"2","NAs introduced by coercion"
"2","NAs introduced by coercion"
"2","NAs introduced by coercion"
"2","NAs introduced by coercion"
"2","NAs introduced by coercion"
"2","NAs introduced by coercion"
"2","NAs introduced by coercion"
"2","NAs introduced by coercion"
"2","NAs introduced by coercion"
"2","NAs introduced by coercion"
"2","NAs introduced by coercion"
"2","NAs introduced by coercion"
"2","NAs introduced by coercion"
"2","NAs introduced by coercion"
"2","NAs introduced by coercion"
"2","NAs introduced by coercion"
"2","NAs introduced by coercion"
"2","NAs introduced by coercion"
"2","NAs introduced by coercion"
"2","NAs introduced by coercion"
"2","NAs introduced by coercion"
"2","NAs introduced by coercion"
"2","NAs introduced by coercion"
"2","NAs introduced by coercion"
"2","NAs introduced by coercion"
"2","NAs introduced by coercion"
"2","NAs introduced by coercion"
"2","NAs introduced by coercion"
"2","NAs introduced by coercion"
"2","NAs introduced by coercion"
"2","NAs introduced by coercion"
"2","NAs introduced by coercion"
"2","NAs introduced by coercion"
"2","NAs introduced by coercion"
"2","NAs introduced by coercion"
"2","NAs introduced by coercion"
"2","NAs introduced by coercion"
"2","NAs introduced by coercion"
"2","NAs introduced by coercion"
"2","NAs introduced by coercion"
"2","NAs introduced by coercion"
"2","NAs introduced by coercion"
"2","NAs introduced by coercion"
"2","NAs introduced by coercion"
"2","NAs introduced by coercion"
"2","NAs introduced by coercion"
"2","NAs introduced by coercion"
"2","NAs introduced by coercion"
"2","NAs introduced by coercion"
"2","NAs introduced by coercion"
"2","NAs introduced by coercion"
"2","NAs introduced by coercion"
"2","NAs introduced by coercion"
"2","NAs introduced by coercion"
"2","NAs introduced by coercion"
"2","NAs introduced by coercion"
"2","NAs introduced by coercion"
"2","NAs introduced by coercion"
"2","NAs introduced by coercion"
"2","NAs introduced by coercion"
"2","NAs introduced by coercion"
"2","NAs introduced by coercion"
"2","NAs introduced by coercion"
"2","NAs introduced by coercion"
"2","NAs introduced by coercion"
"2","NAs introduced by coercion"
"2","NAs introduced by coercion"
"2","NAs introduced by coercion"
"2","NAs introduced by coercion"
"2","NAs introduced by coercion"
"2","NAs introduced by coercion"
"2","NAs introduced by coercion"
"2","NAs introduced by coercion"
"2","NAs introduced by coercion"
"2","NAs introduced by coercion"
"2","NAs introduced by coercion"
"2","NAs introduced by coercion"
"2","NAs introduced by coercion"
"2","NAs introduced by coercion"
"2","NAs introduced by coercion"
"2","NAs introduced by coercion"
"2","NAs introduced by coercion"
"2","NAs introduced by coercion"
"2","NAs introduced by coercion"
"2","NAs introduced by coercion"
"2","NAs introduced by coercion"
"2","NAs introduced by coercion"
"2","NAs introduced by coercion"
"2","NAs introduced by coercion"
"2","NAs introduced by coercion"
"2","NAs introduced by coercion"
"2","NAs introduced by coercion"
"2","NAs introduced by coercion"
"2","NAs introduced by coercion"
"2","NAs introduced by coercion"
"2","NAs introduced by coercion"
"2","NAs introduced by coercion"
"2","NAs introduced by coercion"
"2","NAs introduced by coercion"
"2","NAs introduced by coercion"
"2","NAs introduced by coercion"
"2","NAs introduced by coercion"
"2","NAs introduced by coercion"
"2","NAs introduced by coercion"
"2","NAs introduced by coercion"
"2","NAs introduced by coercion"
"2","NAs introduced by coercion"
"2","NAs introduced by coercion"
"2","NAs introduced by coercion"
"2","NAs introduced by coercion"
"2","NAs introduced by coercion"
"2","NAs introduced by coercion"
"2","NAs introduced by coercion"
"2","NAs introduced by coercion"
"2","NAs introduced by coercion"
"2","NAs introduced by coercion"
"2","NAs introduced by coercion"
"2","NAs introduced by coercion"
"2","NAs introduced by coercion"
"2","NAs introduced by coercion"
"2","NAs introduced by coercion"
"2","NAs introduced by coercion"
"2","NAs introduced by coercion"
"2","NAs introduced by coercion"
"2","NAs introduced by coercion"
"2","NAs introduced by coercion"
"2","NAs introduced by coercion"
"2","NAs introduced by coercion"
"2","NAs introduced by coercion"
"2","NAs introduced by coercion"
"2","NAs introduced by coercion"
"2","NAs introduced by coercion"
"2","NAs introduced by coercion"
"2","NAs introduced by coercion"
"2","NAs introduced by coercion"
"2","NAs introduced by coercion"
"2","NAs introduced by coercion"
"2","NAs introduced by coercion"
"2","NAs introduced by coercion"
"2","NAs introduced by coercion"
"2","NAs introduced by coercion"
"2","NAs introduced by coercion"
"2","NAs introduced by coercion"
"2","NAs introduced by coercion"
"2","NAs introduced by coercion"
"2","NAs introduced by coercion"
"2","NAs introduced by coercion"
"2","NAs introduced by coercion"
"2","NAs introduced by coercion"
"2","NAs introduced by coercion"
"2","NAs introduced by coercion"
"2","NAs introduced by coercion"
"2","NAs introduced by coercion"
"2","NAs introduced by coercion"
"2","NAs introduced by coercion"
"2","NAs introduced by coercion"
"2","NAs introduced by coercion"
"2","NAs introduced by coercion"
"2","NAs introduced by coercion"
"2","NAs introduced by coercion"
"2","NAs introduced by coercion"
"2","NAs introduced by coercion"
"2","NAs introduced by coercion"
"2","NAs introduced by coercion"
"2","NAs introduced by coercion"
"2","NAs introduced by coercion"
"2","NAs introduced by coercion"
"2","NAs introduced by coercion"
"2","NAs introduced by coercion"
"2","NAs introduced by coercion"
"2","NAs introduced by coercion"
"2","NAs introduced by coercion"
"2","NAs introduced by coercion"
"2","NAs introduced by coercion"
"2","NAs introduced by coercion"
"2","NAs introduced by coercion"
"2","NAs introduced by coercion"
"2","NAs introduced by coercion"
"2","NAs introduced by coercion"
"2","NAs introduced by coercion"
"2","NAs introduced by coercion"
"2","NAs introduced by coercion"
"2","NAs introduced by coercion"
"2","NAs introduced by coercion"
"2","NAs introduced by coercion"
"2","NAs introduced by coercion"
"2","NAs introduced by coercion"
"2","NAs introduced by coercion"
"2","NAs introduced by coercion"
"2","NAs introduced by coercion"
"2","NAs introduced by coercion"
"2","NAs introduced by coercion"
"2","NAs introduced by coercion"
"2","NAs introduced by coercion"
"2","NAs introduced by coercion"
"2","NAs introduced by coercion"
"2","NAs introduced by coercion"
"2","NAs introduced by coercion"
"2","NAs introduced by coercion"
"2","NAs introduced by coercion"
"2","NAs introduced by coercion"
"2","NAs introduced by coercion"
"2","NAs introduced by coercion"
"2","NAs introduced by coercion"
"2","NAs introduced by coercion"
"2","NAs introduced by coercion"
"2","NAs introduced by coercion"
"2","NAs introduced by coercion"
"2","NAs introduced by coercion"
"2","NAs introduced by coercion"
"2","NAs introduced by coercion"
"2","NAs introduced by coercion"
"2","NAs introduced by coercion"
"2","NAs introduced by coercion"
"2","NAs introduced by coercion"
"2","NAs introduced by coercion"
"2","NAs introduced by coercion"
"2","NAs introduced by coercion"
"2","NAs introduced by coercion"
"2","NAs introduced by coercion"
"2","NAs introduced by coercion"
"2","NAs introduced by coercion"
"2","NAs introduced by coercion"
"2","NAs introduced by coercion"
"2","NAs introduced by coercion"
"2","NAs introduced by coercion"
"2","NAs introduced by coercion"
"2","NAs introduced by coercion"
"2","NAs introduced by coercion"
"2","NAs introduced by coercion"
"2","NAs introduced by coercion"
"2","NAs introduced by coercion"
"2","NAs introduced by coercion"
"2","NAs introduced by coercion"
"2","NAs introduced by coercion"
"2","NAs introduced by coercion"
"2","NAs introduced by coercion"
"2","NAs introduced by coercion"
"2","NAs introduced by coercion"
"2","NAs introduced by coercion"
"2","NAs introduced by coercion"
"2","NAs introduced by coercion"
"2","NAs introduced by coercion"
"2","NAs introduced by coercion"
"2","NAs introduced by coercion"
"2","NAs introduced by coercion"
"2","NAs introduced by coercion"
"2","NAs introduced by coercion"
"2","NAs introduced by coercion"
"2","NAs introduced by coercion"
"2","NAs introduced by coercion"
"2","NAs introduced by coercion"
"2","NAs introduced by coercion"
"2","NAs introduced by coercion"
"2","NAs introduced by coercion"
"2","NAs introduced by coercion"
"2","NAs introduced by coercion"
"2","NAs introduced by coercion"
"2","NAs introduced by coercion"
"2","NAs introduced by coercion"
"2","NAs introduced by coercion"
"2","NAs introduced by coercion"
"2","NAs introduced by coercion"
"2","NAs introduced by coercion"
"2","NAs introduced by coercion"
"2","NAs introduced by coercion"
"2","NAs introduced by coercion"
"2","NAs introduced by coercion"
"2","NAs introduced by coercion"
"2","NAs introduced by coercion"
"2","NAs introduced by coercion"
"2","NAs introduced by coercion"
"2","NAs introduced by coercion"
"2","NAs introduced by coercion"
"2","NAs introduced by coercion"
"2","NAs introduced by coercion"
"2","NAs introduced by coercion"
"2","NAs introduced by coercion"
"2","NAs introduced by coercion"
"2","NAs introduced by coercion"
"2","NAs introduced by coercion"
"2","NAs introduced by coercion"
"2","NAs introduced by coercion"
"2","NAs introduced by coercion"
"2","NAs introduced by coercion"
"2","NAs introduced by coercion"
"2","NAs introduced by coercion"
"2","NAs introduced by coercion"
"2","NAs introduced by coercion"
"2","NAs introduced by coercion"
"2","NAs introduced by coercion"
"2","NAs introduced by coercion"
"2","NAs introduced by coercion"
"2","NAs introduced by coercion"
"2","NAs introduced by coercion"
"2","NAs introduced by coercion"
"2","NAs introduced by coercion"
"2","NAs introduced by coercion"
"2","NAs introduced by coercion"
"2","NAs introduced by coercion"
"2","NAs introduced by coercion"
"2","NAs introduced by coercion"
"2","NAs introduced by coercion"
"2","NAs introduced by coercion"
"2","NAs introduced by coercion"
"2","NAs introduced by coercion"
"2","NAs introduced by coercion"
"2","NAs introduced by coercion"
"2","NAs introduced by coercion"
"2","NAs introduced by coercion"
"2","NAs introduced by coercion"
"2","NAs introduced by coercion"
"2","NAs introduced by coercion"
"2","NAs introduced by coercion"
"2","NAs introduced by coercion"
"2","NAs introduced by coercion"
"2","NAs introduced by coercion"
"2","NAs introduced by coercion"
"2","NAs introduced by coercion"
"2","NAs introduced by coercion"
"2","NAs introduced by coercion"
"2","NAs introduced by coercion"
"2","NAs introduced by coercion"
"2","NAs introduced by coercion"
"2","NAs introduced by coercion"
"2","NAs introduced by coercion"
"2","NAs introduced by coercion"
"2","NAs introduced by coercion"
"2","NAs introduced by coercion"
"2","NAs introduced by coercion"
"2","NAs introduced by coercion"
"2","NAs introduced by coercion"
"2","NAs introduced by coercion"
"2","NAs introduced by coercion"
"2","NAs introduced by coercion"
"2","NAs introduced by coercion"
"2","NAs introduced by coercion"
"2","NAs introduced by coercion"
"2","NAs introduced by coercion"
"2","NAs introduced by coercion"
"2","NAs introduced by coercion"
"2","NAs introduced by coercion"
"2","NAs introduced by coercion"
"2","NAs introduced by coercion"
"2","NAs introduced by coercion"
"2","NAs introduced by coercion"
"2","NAs introduced by coercion"
"2","NAs introduced by coercion"
"2","NAs introduced by coercion"
"2","NAs introduced by coercion"
"2","NAs introduced by coercion"
"2","NAs introduced by coercion"
"2","NAs introduced by coercion"
"2","NAs introduced by coercion"
"2","NAs introduced by coercion"
"2","NAs introduced by coercion"
"2","NAs introduced by coercion"
"2","NAs introduced by coercion"
"2","NAs introduced by coercion"
"2","NAs introduced by coercion"
"2","NAs introduced by coercion"
"2","NAs introduced by coercion"
"2","NAs introduced by coercion"
"2","NAs introduced by coercion"
"2","NAs introduced by coercion"
"2","NAs introduced by coercion"
"2","NAs introduced by coercion"
"2","NAs introduced by coercion"
"2","NAs introduced by coercion"
"2","NAs introduced by coercion"
"2","NAs introduced by coercion"
"2","NAs introduced by coercion"
"2","NAs introduced by coercion"
"2","NAs introduced by coercion"
"2","NAs introduced by coercion"
"2","NAs introduced by coercion"
"2","NAs introduced by coercion"
"2","NAs introduced by coercion"
"2","NAs introduced by coercion"
"2","NAs introduced by coercion"
"2","NAs introduced by coercion"
"2","NAs introduced by coercion"
"2","NAs introduced by coercion"
"2","NAs introduced by coercion"
"2","NAs introduced by coercion"
"2","NAs introduced by coercion"
"2","NAs introduced by coercion"
"2","NAs introduced by coercion"
"2","NAs introduced by coercion"
"2","NAs introduced by coercion"
"2","NAs introduced by coercion"
"2","NAs introduced by coercion"
"2","NAs introduced by coercion"
"2","NAs introduced by coercion"
"2","NAs introduced by coercion"
"2","NAs introduced by coercion"
"2","NAs introduced by coercion"
"2","NAs introduced by coercion"
"2","NAs introduced by coercion"
"2","NAs introduced by coercion"
"2","NAs introduced by coercion"
"2","NAs introduced by coercion"
"2","NAs introduced by coercion"
"2","NAs introduced by coercion"
"2","NAs introduced by coercion"
"2","NAs introduced by coercion"
"2","NAs introduced by coercion"
"2","NAs introduced by coercion"
"2","NAs introduced by coercion"
"2","NAs introduced by coercion"
"2","NAs introduced by coercion"
"2","NAs introduced by coercion"
"2","NAs introduced by coercion"
"2","NAs introduced by coercion"
"2","NAs introduced by coercion"
"2","NAs introduced by coercion"
"2","NAs introduced by coercion"
"2","NAs introduced by coercion"
"2","NAs introduced by coercion"
"2","NAs introduced by coercion"
"2","NAs introduced by coercion"
"2","NAs introduced by coercion"
"2","NAs introduced by coercion"
"2","NAs introduced by coercion"
"2","NAs introduced by coercion"
"2","NAs introduced by coercion"
"2","NAs introduced by coercion"
"2","NAs introduced by coercion"
"2","NAs introduced by coercion"
"2","NAs introduced by coercion"
"2","NAs introduced by coercion"
"2","NAs introduced by coercion"
"2","NAs introduced by coercion"
"2","NAs introduced by coercion"
"2","NAs introduced by coercion"
"2","NAs introduced by coercion"
"2","NAs introduced by coercion"
"2","NAs introduced by coercion"
"2","NAs introduced by coercion"
"2","NAs introduced by coercion"
"2","NAs introduced by coercion"
"2","NAs introduced by coercion"
"2","NAs introduced by coercion"
"2","NAs introduced by coercion"
"2","NAs introduced by coercion"
"2","NAs introduced by coercion"
"2","NAs introduced by coercion"
"2","NAs introduced by coercion"
"2","NAs introduced by coercion"
"2","NAs introduced by coercion"
"2","NAs introduced by coercion"
"2","NAs introduced by coercion"
"2","NAs introduced by coercion"
"2","NAs introduced by coercion"
"2","NAs introduced by coercion"
"2","NAs introduced by coercion"
"2","NAs introduced by coercion"
"2","NAs introduced by coercion"
"2","NAs introduced by coercion"
"2","NAs introduced by coercion"
"2","NAs introduced by coercion"
"2","NAs introduced by coercion"
"2","NAs introduced by coercion"
"2","NAs introduced by coercion"
"2","NAs introduced by coercion"
"2","NAs introduced by coercion"
"2","NAs introduced by coercion"
"2","NAs introduced by coercion"
"2","NAs introduced by coercion"
"2","NAs introduced by coercion"
"2","NAs introduced by coercion"
"2","NAs introduced by coercion"
"2","NAs introduced by coercion"
"2","NAs introduced by coercion"
"2","NAs introduced by coercion"
"2","NAs introduced by coercion"
"2","NAs introduced by coercion"
"2","NAs introduced by coercion"
"2","NAs introduced by coercion"
"2","NAs introduced by coercion"
"2","NAs introduced by coercion"
"2","NAs introduced by coercion"
"2","NAs introduced by coercion"
"2","NAs introduced by coercion"
"2","NAs introduced by coercion"
"2","NAs introduced by coercion"
"2","NAs introduced by coercion"
"2","NAs introduced by coercion"
"2","NAs introduced by coercion"
"2","NAs introduced by coercion"
"2","NAs introduced by coercion"
"2","NAs introduced by coercion"
"2","NAs introduced by coercion"
"2","NAs introduced by coercion"
"2","NAs introduced by coercion"
"2","NAs introduced by coercion"
"2","NAs introduced by coercion"
"2","NAs introduced by coercion"
"2","NAs introduced by coercion"
"2","NAs introduced by coercion"
"2","NAs introduced by coercion"
"2","NAs introduced by coercion"
"2","NAs introduced by coercion"
"2","NAs introduced by coercion"
"2","NAs introduced by coercion"
"2","NAs introduced by coercion"
"2","NAs introduced by coercion"
"2","NAs introduced by coercion"
"2","NAs introduced by coercion"
"2","NAs introduced by coercion"
"2","NAs introduced by coercion"
"2","NAs introduced by coercion"
"2","NAs introduced by coercion"
"2","NAs introduced by coercion"
"2","NAs introduced by coercion"
"2","NAs introduced by coercion"
"2","NAs introduced by coercion"
"2","NAs introduced by coercion"
"2","NAs introduced by coercion"
"2","NAs introduced by coercion"
"2","NAs introduced by coercion"
"2","NAs introduced by coercion"
"2","NAs introduced by coercion"
"2","NAs introduced by coercion"
"2","NAs introduced by coercion"
"2","NAs introduced by coercion"
"2","NAs introduced by coercion"
"2","NAs introduced by coercion"
"2","NAs introduced by coercion"
"2","NAs introduced by coercion"
"2","NAs introduced by coercion"
"2","NAs introduced by coercion"
"2","NAs introduced by coercion"
"2","NAs introduced by coercion"
"2","NAs introduced by coercion"
"2","NAs introduced by coercion"
"2","NAs introduced by coercion"
"2","NAs introduced by coercion"
"2","NAs introduced by coercion"
"2","NAs introduced by coercion"
"2","NAs introduced by coercion"
"2","NAs introduced by coercion"
"2","NAs introduced by coercion"
"2","NAs introduced by coercion"
"2","NAs introduced by coercion"
"2","NAs introduced by coercion"
"2","NAs introduced by coercion"
"2","NAs introduced by coercion"
"2","NAs introduced by coercion"
"2","NAs introduced by coercion"
"2","NAs introduced by coercion"
"2","NAs introduced by coercion"
"2","NAs introduced by coercion"
"2","NAs introduced by coercion"
"2","NAs introduced by coercion"
"2","NAs introduced by coercion"
"2","NAs introduced by coercion"
"2","NAs introduced by coercion"
"2","NAs introduced by coercion"
"2","NAs introduced by coercion"
"2","NAs introduced by coercion"
"2","NAs introduced by coercion"
"2","NAs introduced by coercion"
"2","NAs introduced by coercion"
"2","NAs introduced by coercion"
"2","NAs introduced by coercion"
"2","NAs introduced by coercion"
"2","NAs introduced by coercion"
"2","NAs introduced by coercion"
"2","NAs introduced by coercion"
"2","NAs introduced by coercion"
"2","NAs introduced by coercion"
"2","NAs introduced by coercion"
"2","NAs introduced by coercion"
"2","NAs introduced by coercion"
"2","NAs introduced by coercion"
"2","NAs introduced by coercion"
"2","NAs introduced by coercion"
"2","NAs introduced by coercion"
"2","NAs introduced by coercion"
"2","NAs introduced by coercion"
"2","NAs introduced by coercion"
"2","NAs introduced by coercion"
"2","NAs introduced by coercion"
"2","NAs introduced by coercion"
"2","NAs introduced by coercion"
"2","NAs introduced by coercion"
"2","NAs introduced by coercion"
"2","NAs introduced by coercion"
"2","NAs introduced by coercion"
"2","NAs introduced by coercion"
"2","NAs introduced by coercion"
"2","NAs introduced by coercion"
"2","NAs introduced by coercion"
"2","NAs introduced by coercion"
"2","NAs introduced by coercion"
"2","NAs introduced by coercion"
"2","NAs introduced by coercion"
"2","NAs introduced by coercion"
"2","NAs introduced by coercion"
"2","NAs introduced by coercion"
"2","NAs introduced by coercion"
"2","NAs introduced by coercion"
"2","NAs introduced by coercion"
"2","NAs introduced by coercion"
"2","NAs introduced by coercion"
"2","NAs introduced by coercion"
"2","NAs introduced by coercion"
"2","NAs introduced by coercion"
"2","NAs introduced by coercion"
"2","NAs introduced by coercion"
"2","NAs introduced by coercion"
"2","NAs introduced by coercion"
"2","NAs introduced by coercion"
"2","NAs introduced by coercion"
"2","NAs introduced by coercion"
"2","NAs introduced by coercion"
"2","NAs introduced by coercion"
"2","NAs introduced by coercion"
"2","NAs introduced by coercion"
"2","NAs introduced by coercion"
"2","NAs introduced by coercion"
"2","NAs introduced by coercion"
"2","NAs introduced by coercion"
"2","NAs introduced by coercion"
"2","NAs introduced by coercion"
"2","NAs introduced by coercion"
"2","NAs introduced by coercion"
"2","NAs introduced by coercion"
"2","NAs introduced by coercion"
"2","NAs introduced by coercion"
"2","NAs introduced by coercion"
"2","NAs introduced by coercion"
"2","NAs introduced by coercion"
"2","NAs introduced by coercion"
"2","NAs introduced by coercion"
"2","NAs introduced by coercion"
"2","NAs introduced by coercion"
"2","NAs introduced by coercion"
"2","NAs introduced by coercion"
"2","NAs introduced by coercion"
"2","NAs introduced by coercion"
"2","NAs introduced by coercion"
"2","NAs introduced by coercion"
"2","NAs introduced by coercion"
"2","NAs introduced by coercion"
"2","NAs introduced by coercion"
"2","NAs introduced by coercion"
"2","NAs introduced by coercion"
"2","NAs introduced by coercion"
"2","NAs introduced by coercion"
"2","NAs introduced by coercion"
"2","NAs introduced by coercion"
"2","NAs introduced by coercion"
"2","NAs introduced by coercion"
"2","NAs introduced by coercion"
"2","NAs introduced by coercion"
"2","NAs introduced by coercion"
"2","NAs introduced by coercion"
"2","NAs introduced by coercion"
"2","NAs introduced by coercion"
"2","NAs introduced by coercion"
"2","NAs introduced by coercion"
"2","NAs introduced by coercion"
"2","NAs introduced by coercion"
"2","NAs introduced by coercion"
"2","NAs introduced by coercion"
"2","NAs introduced by coercion"
"2","NAs introduced by coercion"
"2","NAs introduced by coercion"
"2","NAs introduced by coercion"
"2","NAs introduced by coercion"
"2","NAs introduced by coercion"
"2","NAs introduced by coercion"
"2","NAs introduced by coercion"
"2","NAs introduced by coercion"
"2","NAs introduced by coercion"
"2","NAs introduced by coercion"
"2","NAs introduced by coercion"
"2","NAs introduced by coercion"
"2","NAs introduced by coercion"
"2","NAs introduced by coercion"
"2","NAs introduced by coercion"
"2","NAs introduced by coercion"
"2","NAs introduced by coercion"
"2","NAs introduced by coercion"
"2","NAs introduced by coercion"
"2","NAs introduced by coercion"
"2","NAs introduced by coercion"
"2","NAs introduced by coercion"
"2","NAs introduced by coercion"
"2","NAs introduced by coercion"
"2","NAs introduced by coercion"
"2","NAs introduced by coercion"
"2","NAs introduced by coercion"
"2","NAs introduced by coercion"
"2","NAs introduced by coercion"
"2","NAs introduced by coercion"
"2","NAs introduced by coercion"
"2","NAs introduced by coercion"
"2","NAs introduced by coercion"
"2","NAs introduced by coercion"
"2","NAs introduced by coercion"
"2","NAs introduced by coercion"
"2","NAs introduced by coercion"
"2","NAs introduced by coercion"
"2","NAs introduced by coercion"
"2","NAs introduced by coercion"
"2","NAs introduced by coercion"
"2","NAs introduced by coercion"
"2","NAs introduced by coercion"
"2","NAs introduced by coercion"
"2","NAs introduced by coercion"
"2","NAs introduced by coercion"
"2","NAs introduced by coercion"
"2","NAs introduced by coercion"
"2","NAs introduced by coercion"
"2","NAs introduced by coercion"
"2","NAs introduced by coercion"
"2","NAs introduced by coercion"
"2","NAs introduced by coercion"
"2","NAs introduced by coercion"
"2","NAs introduced by coercion"
"2","NAs introduced by coercion"
"2","NAs introduced by coercion"
"2","NAs introduced by coercion"
"2","NAs introduced by coercion"
"2","NAs introduced by coercion"
"2","NAs introduced by coercion"
"2","NAs introduced by coercion"
"2","NAs introduced by coercion"
"2","NAs introduced by coercion"
"2","NAs introduced by coercion"
"2","NAs introduced by coercion"
"2","NAs introduced by coercion"
"2","NAs introduced by coercion"
"2","NAs introduced by coercion"
"2","NAs introduced by coercion"
"2","NAs introduced by coercion"
"2","NAs introduced by coercion"
"2","NAs introduced by coercion"
"2","NAs introduced by coercion"
"2","NAs introduced by coercion"
"2","NAs introduced by coercion"
"2","NAs introduced by coercion"
"2","NAs introduced by coercion"
"2","NAs introduced by coercion"
"2","NAs introduced by coercion"
"2","NAs introduced by coercion"
"2","NAs introduced by coercion"
"2","NAs introduced by coercion"
"2","NAs introduced by coercion"
"2","NAs introduced by coercion"
"2","NAs introduced by coercion"
"2","NAs introduced by coercion"
"2","NAs introduced by coercion"
"2","NAs introduced by coercion"
"2","NAs introduced by coercion"
"2","NAs introduced by coercion"
"2","NAs introduced by coercion"
"2","NAs introduced by coercion"
"2","NAs introduced by coercion"
"2","NAs introduced by coercion"
"2","NAs introduced by coercion"
"2","NAs introduced by coercion"
"2","NAs introduced by coercion"
"2","NAs introduced by coercion"
"2","NAs introduced by coercion"
"2","NAs introduced by coercion"
"2","NAs introduced by coercion"
"2","NAs introduced by coercion"
"2","NAs introduced by coercion"
"2","NAs introduced by coercion"
"2","NAs introduced by coercion"
"2","NAs introduced by coercion"
"2","NAs introduced by coercion"
"2","NAs introduced by coercion"
"2","NAs introduced by coercion"
"2","NAs introduced by coercion"
"2","NAs introduced by coercion"
"2","NAs introduced by coercion"
"2","NAs introduced by coercion"
"2","NAs introduced by coercion"
"2","NAs introduced by coercion"
"2","NAs introduced by coercion"
"2","NAs introduced by coercion"
"2","NAs introduced by coercion"
"2","NAs introduced by coercion"
"2","NAs introduced by coercion"
"2","NAs introduced by coercion"
"2","NAs introduced by coercion"
"2","NAs introduced by coercion"
"2","NAs introduced by coercion"
"2","NAs introduced by coercion"
"2","NAs introduced by coercion"
"2","NAs introduced by coercion"
"2","NAs introduced by coercion"
"2","NAs introduced by coercion"
"2","NAs introduced by coercion"
"2","NAs introduced by coercion"
"2","NAs introduced by coercion"
"2","NAs introduced by coercion"
"2","NAs introduced by coercion"
"2","NAs introduced by coercion"
"2","NAs introduced by coercion"
"2","NAs introduced by coercion"
"2","NAs introduced by coercion"
"2","NAs introduced by coercion"
"2","NAs introduced by coercion"
"2","NAs introduced by coercion"
"2","NAs introduced by coercion"
"2","NAs introduced by coercion"
"2","NAs introduced by coercion"
"2","NAs introduced by coercion"
"2","NAs introduced by coercion"
"2","NAs introduced by coercion"
"2","NAs introduced by coercion"
"2","NAs introduced by coercion"
"2","NAs introduced by coercion"
"2","NAs introduced by coercion"
"2","NAs introduced by coercion"
"2","NAs introduced by coercion"
"2","NAs introduced by coercion"
"2","NAs introduced by coercion"
"2","NAs introduced by coercion"
"2","NAs introduced by coercion"
"2","NAs introduced by coercion"
"2","NAs introduced by coercion"
"2","NAs introduced by coercion"
"2","NAs introduced by coercion"
"2","NAs introduced by coercion"
"2","NAs introduced by coercion"
"2","NAs introduced by coercion"
"2","NAs introduced by coercion"
"2","NAs introduced by coercion"
"2","NAs introduced by coercion"
"2","NAs introduced by coercion"
"2","NAs introduced by coercion"
"2","NAs introduced by coercion"
"2","NAs introduced by coercion"
"2","NAs introduced by coercion"
"2","NAs introduced by coercion"
"2","NAs introduced by coercion"
"2","NAs introduced by coercion"
"2","NAs introduced by coercion"
"2","NAs introduced by coercion"
"2","NAs introduced by coercion"
"2","NAs introduced by coercion"
"2","NAs introduced by coercion"
"2","NAs introduced by coercion"
"2","NAs introduced by coercion"
"2","NAs introduced by coercion"
"2","NAs introduced by coercion"
"2","NAs introduced by coercion"
"2","NAs introduced by coercion"
"2","NAs introduced by coercion"
"2","NAs introduced by coercion"
"2","NAs introduced by coercion"
"2","NAs introduced by coercion"
"2","NAs introduced by coercion"
"2","NAs introduced by coercion"
"2","NAs introduced by coercion"
"2","NAs introduced by coercion"
"2","NAs introduced by coercion"
"2","NAs introduced by coercion"
"2","NAs introduced by coercion"
"2","NAs introduced by coercion"
"2","NAs introduced by coercion"
"2","NAs introduced by coercion"
"2","NAs introduced by coercion"
"2","NAs introduced by coercion"
"2","NAs introduced by coercion"
"2","NAs introduced by coercion"
"2","NAs introduced by coercion"
"2","NAs introduced by coercion"
"2","NAs introduced by coercion"
"2","NAs introduced by coercion"
"2","NAs introduced by coercion"
"2","NAs introduced by coercion"
"2","NAs introduced by coercion"
"2","NAs introduced by coercion"
"2","NAs introduced by coercion"
"2","NAs introduced by coercion"
"2","NAs introduced by coercion"
"2","NAs introduced by coercion"
"2","NAs introduced by coercion"
"2","NAs introduced by coercion"
"2","NAs introduced by coercion"
"2","NAs introduced by coercion"
"2","NAs introduced by coercion"
"2","NAs introduced by coercion"
"2","NAs introduced by coercion"
"2","NAs introduced by coercion"
"2","NAs introduced by coercion"
"2","NAs introduced by coercion"
"2","NAs introduced by coercion"
"2","NAs introduced by coercion"
"2","NAs introduced by coercion"
"2","NAs introduced by coercion"
"2","NAs introduced by coercion"
"2","NAs introduced by coercion"
"2","NAs introduced by coercion"
"2","NAs introduced by coercion"
"2","NAs introduced by coercion"
"2","NAs introduced by coercion"
"2","NAs introduced by coercion"
"2","NAs introduced by coercion"
"2","NAs introduced by coercion"
"2","NAs introduced by coercion"
"2","NAs introduced by coercion"
"2","NAs introduced by coercion"
"2","NAs introduced by coercion"
"2","NAs introduced by coercion"
"2","NAs introduced by coercion"
"2","NAs introduced by coercion"
"2","NAs introduced by coercion"
"2","NAs introduced by coercion"
"2","NAs introduced by coercion"
"2","NAs introduced by coercion"
"2","NAs introduced by coercion"
"2","NAs introduced by coercion"
"2","NAs introduced by coercion"
"2","NAs introduced by coercion"
"2","NAs introduced by coercion"
"2","NAs introduced by coercion"
"2","NAs introduced by coercion"
"2","NAs introduced by coercion"
"2","NAs introduced by coercion"
"2","NAs introduced by coercion"
"2","NAs introduced by coercion"
"2","NAs introduced by coercion"
"2","NAs introduced by coercion"
"2","NAs introduced by coercion"
"2","NAs introduced by coercion"
"2","NAs introduced by coercion"
"2","NAs introduced by coercion"
"2","NAs introduced by coercion"
"2","NAs introduced by coercion"
"2","NAs introduced by coercion"
"2","NAs introduced by coercion"
"2","NAs introduced by coercion"
"2","NAs introduced by coercion"
"2","NAs introduced by coercion"
"2","NAs introduced by coercion"
"2","NAs introduced by coercion"
"2","NAs introduced by coercion"
"2","NAs introduced by coercion"
"2","NAs introduced by coercion"
"2","NAs introduced by coercion"
"2","NAs introduced by coercion"
"2","NAs introduced by coercion"
"2","NAs introduced by coercion"
"2","NAs introduced by coercion"
"2","NAs introduced by coercion"
"2","NAs introduced by coercion"
"2","NAs introduced by coercion"
"2","NAs introduced by coercion"
"2","NAs introduced by coercion"
"2","NAs introduced by coercion"
"2","NAs introduced by coercion"
"2","NAs introduced by coercion"
"2","NAs introduced by coercion"
"2","NAs introduced by coercion"
"2","NAs introduced by coercion"
"2","NAs introduced by coercion"
"2","NAs introduced by coercion"
"2","NAs introduced by coercion"
"2","NAs introduced by coercion"
"2","NAs introduced by coercion"
"2","NAs introduced by coercion"
"2","NAs introduced by coercion"
"2","NAs introduced by coercion"
"2","NAs introduced by coercion"
"2","NAs introduced by coercion"
"2","NAs introduced by coercion"
"2","NAs introduced by coercion"
"2","NAs introduced by coercion"
"2","NAs introduced by coercion"
"2","NAs introduced by coercion"
"2","NAs introduced by coercion"
"2","NAs introduced by coercion"
"2","NAs introduced by coercion"
"2","NAs introduced by coercion"
"2","NAs introduced by coercion"
"2","NAs introduced by coercion"
"2","NAs introduced by coercion"
"2","NAs introduced by coercion"
"2","NAs introduced by coercion"
"2","NAs introduced by coercion"
"2","NAs introduced by coercion"
"2","NAs introduced by coercion"
"2","NAs introduced by coercion"
"2","NAs introduced by coercion"
"2","NAs introduced by coercion"
"2","NAs introduced by coercion"
"2","NAs introduced by coercion"
"2","NAs introduced by coercion"
"2","NAs introduced by coercion"
"2","NAs introduced by coercion"
"2","NAs introduced by coercion"
"2","NAs introduced by coercion"
"2","NAs introduced by coercion"
"2","NAs introduced by coercion"
"2","NAs introduced by coercion"
"2","NAs introduced by coercion"
"2","NAs introduced by coercion"
"2","NAs introduced by coercion"
"2","NAs introduced by coercion"
"2","NAs introduced by coercion"
"2","NAs introduced by coercion"
"2","NAs introduced by coercion"
"2","NAs introduced by coercion"
"2","NAs introduced by coercion"
"2","NAs introduced by coercion"
"2","NAs introduced by coercion"
"2","NAs introduced by coercion"
"2","NAs introduced by coercion"
"2","NAs introduced by coercion"
"2","NAs introduced by coercion"
"2","NAs introduced by coercion"
"2","NAs introduced by coercion"
"2","NAs introduced by coercion"
"2","NAs introduced by coercion"
"2","NAs introduced by coercion"
"2","NAs introduced by coercion"
"2","NAs introduced by coercion"
"2","NAs introduced by coercion"
"2","NAs introduced by coercion"
"2","NAs introduced by coercion"
"2","NAs introduced by coercion"
"2","NAs introduced by coercion"
"2","NAs introduced by coercion"
"2","NAs introduced by coercion"
"2","NAs introduced by coercion"
"2","NAs introduced by coercion"
"2","NAs introduced by coercion"
"0","# export as xlsx file"
"0","# write.xlsx(biosample_ID_toCheckUnits, file = ""/Users/rebeccachristensen/Desktop/Cremer_Lab_2022/dsrAB_Biosample_Metadata_Analysis/biosample_ID_list_toCheckUnits_0310_02.xlsx"")"
"0",""
